{"cameraMode":{"drawMode":0,"name":"Shaded","section":"Shading Mode"},"sceneLighting":true,"audioPlay":false,"sceneViewState":{"m_AlwaysRefresh":false,"showFog":true,"showSkybox":true,"showFlares":true,"showImageEffects":true,"showParticleSystems":true,"showVisualEffectGraphs":true,"m_FxEnabled":true},"in2DMode":false,"pivot":{"x":1.6406598091125489,"y":7.921628952026367,"z":15.44060230255127},"rotation":{"x":0.17383436858654023,"y":0.2352960705757141,"z":-0.042816683650016788,"w":0.9552936553955078},"size":14.644329071044922,"orthographic":true}